Titulo,Precio,Rating
Sharp Objects,Â£47.82,Four
Sapiens: A Brief History of Humankind,Â£54.23,Five
The Dirty Little Secrets of Getting Your Dream Job,Â£33.34,Four
The Boys in the Boat: Nine Americans and Their Epic Quest for Gold at the 1936 Berlin Olympics,Â£22.60,Four
Shakespeare's Sonnets,Â£20.66,Four
Set Me Free,Â£17.46,Five
Scott Pilgrim's Precious Little Life (Scott Pilgrim #1),Â£52.29,Five
Rip it Up and Start Again,Â£35.02,Five
Chase Me (Paris Nights #2),Â£25.27,Five
Black Dust,Â£34.53,Five
Worlds Elsewhere: Journeys Around Shakespeareâs Globe,Â£40.30,Five
Wall and Piece,Â£44.18,Four
The Four Agreements: A Practical Guide to Personal Freedom,Â£17.66,Five
The Elephant Tree,Â£23.82,Five
Sophie's World,Â£15.94,Five
Behind Closed Doors,Â£52.22,Four
Private Paris (Private #10),Â£47.61,Five
#HigherSelfie: Wake Up Your Life. Free Your Soul. Find Your Tribe.,Â£23.11,Five
"We Love You, Charlie Freeman",Â£50.27,Five
Untitled Collection: Sabbath Poems 2014,Â£14.27,Four
"Unseen City: The Majesty of Pigeons, the Discreet Charm of Snails & Other Wonders of the Urban Wilderness",Â£44.18,Four
This One Summer,Â£19.49,Four
Thirst,Â£17.27,Five
The Past Never Ends,Â£56.50,Four
The Nameless City (The Nameless City #1),Â£38.16,Four
The Most Perfect Thing: Inside (and Outside) a Bird's Egg,Â£42.96,Four
"The Mindfulness and Acceptance Workbook for Anxiety: A Guide to Breaking Free from Anxiety, Phobias, and Worry Using Acceptance and Commitment Therapy",Â£23.89,Four
"The Inefficiency Assassin: Time Management Tactics for Working Smarter, Not Longer",Â£20.59,Five
The Death of Humanity: and the Case for Life,Â£58.11,Four
The Activist's Tao Te Ching: Ancient Advice for a Modern Revolution,Â£32.24,Five
Spark Joy: An Illustrated Master Class on the Art of Organizing and Tidying Up,Â£41.83,Four
"Princess Jellyfish 2-in-1 Omnibus, Vol. 01 (Princess Jellyfish 2-in-1 Omnibus #1)",Â£13.61,Five
Princess Between Worlds (Wide-Awake Princess #5),Â£13.34,Five
"Outcast, Vol. 1: A Darkness Surrounds Him (Outcast #1)",Â£15.44,Four
"Mama Tried: Traditional Italian Cooking for the Screwed, Crude, Vegan, and Tattooed",Â£14.02,Four
Join,Â£35.67,Five
In the Country We Love: My Family Divided,Â£22.00,Four
Immunity: How Elie Metchnikoff Changed the Course of Modern Medicine,Â£57.36,Five
First and First (Five Boroughs #3),Â£15.97,Four
Danganronpa Volume 1,Â£51.99,Four
"Codename Baboushka, Volume 1: The Conclave of Death",Â£36.72,Four
Camp Midnight,Â£17.08,Four
Call the Nurse: True Stories of a Country Nurse on a Scottish Isle,Â£29.14,Five
"A Piece of Sky, a Grain of Rice: A Memoir in Four Meditations",Â£56.76,Five
A Flight of Arrows (The Pathfinders #2),Â£55.53,Five
A Fierce and Subtle Poison,Â£28.13,Four
(Un)Qualified: How God Uses Broken People to Do Big Things,Â£54.00,Five
You Are What You Love: The Spiritual Power of Habit,Â£21.87,Four
"William Shakespeare's Star Wars: Verily, A New Hope (William Shakespeare's Star Wars #4)",Â£43.30,Four
The White Cat and the Monk: A Retelling of the Poem âPangur BÃ¡nâ,Â£58.08,Four
The Vacationers,Â£42.15,Four
The Third Wave: An Entrepreneurâs Vision of the Future,Â£12.61,Five
The Stranger,Â£17.44,Four
The Secret (The Secret #1),Â£27.37,Four
The Regional Office Is Under Attack!,Â£51.36,Five
The Nerdy Nummies Cookbook: Sweet Treats for the Geek in All of Us,Â£37.34,Five
The Murder of Roger Ackroyd (Hercule Poirot #4),Â£44.10,Four
The Kite Runner,Â£41.82,Four
The Artist's Way: A Spiritual Path to Higher Creativity,Â£38.49,Five
The Art of War,Â£33.34,Five
Something More Than This,Â£16.24,Four
Scarlett Epstein Hates It Here,Â£43.55,Five
Redeeming Love,Â£20.47,Five
Poems That Make Grown Women Cry,Â£14.19,Four
Mrs. Houdini,Â£30.25,Five
Modern Romance,Â£28.26,Five
Library of Souls (Miss Peregrineâs Peculiar Children #3),Â£48.56,Five
I Had a Nice Time And Other Lies...: How to find love & sh*t like that,Â£57.36,Four
Full Moon over Noahâs Ark: An Odyssey to Mount Ararat and Beyond,Â£49.43,Four
Frostbite (Vampire Academy #2),Â£29.99,Five
Finders Keepers (Bill Hodges Trilogy #2),Â£53.53,Five
"Fables, Vol. 1: Legends in Exile (Fables #1)",Â£41.62,Four
Eureka Trivia 6.0,Â£54.59,Four
Drive: The Surprising Truth About What Motivates Us,Â£34.95,Four
Done Rubbed Out (Reightman & Bailey #1),Â£37.72,Five
Dark Notes,Â£19.19,Five
Close to You,Â£49.46,Four
Batman: The Dark Knight Returns (Batman),Â£15.38,Five
Anonymous,Â£46.82,Four
Amatus,Â£50.54,Five
Agnostic: A Spirited Manifesto,Â£12.51,Five
You (You #1),Â£43.61,Five
"Wonder Woman: Earth One, Volume One (Wonder Woman: Earth One #1)",Â£37.34,Four
Why the Right Went Wrong: Conservatism--From Goldwater to the Tea Party and Beyond,Â£52.65,Four
Whole Lotta Creativity Going On: 60 Fun and Unusual Exercises to Awaken and Strengthen Your Creativity,Â£38.20,Four
Walt Disney's Alice in Wonderland,Â£12.96,Five
V for Vendetta (V for Vendetta Complete),Â£37.10,Four
The Wright Brothers,Â£56.80,Four
The White Queen (The Cousins' War #1),Â£25.91,Five
The Time Keeper,Â£27.88,Five
The Testament of Mary,Â£52.67,Four
The Star-Touched Queen,Â£46.02,Five
The Songs of the Gods,Â£44.48,Five
The Song of Achilles,Â£37.40,Five
The Marriage of Opposites,Â£28.08,Four
The Darkest Lie,Â£35.35,Five
The Bane Chronicles (The Bane Chronicles #1-11),Â£44.73,Four
Superman Vol. 1: Before Truth (Superman by Gene Luen Yang #1),Â£11.89,Five
Steve Jobs,Â£39.50,Five
Sorting the Beef from the Bull: The Science of Food Fraud Forensics,Â£44.74,Four
Someone Like You (The Harrisons #2),Â£52.79,Five
"So Cute It Hurts!!, Vol. 6 (So Cute It Hurts!! #6)",Â£35.43,Four
Shtum,Â£55.84,Four
salt.,Â£46.78,Four
"Quarter Life Poetry: Poems for the Young, Broke and Hangry",Â£50.89,Five
Old School (Diary of a Wimpy Kid #10),Â£11.83,Five
Made to Stick: Why Some Ideas Survive and Others Die,Â£38.85,Five
Looking for Lovely: Collecting the Moments that Matter,Â£29.14,Five
"Living Leadership by Insight: A Good Leader Achieves, a Great Leader Builds Monuments",Â£46.91,Four
Let It Out: A Journey Through Journaling,Â£26.79,Five
Lady Midnight (The Dark Artifices #1),Â£16.28,Five
I Know What I'm Doing -- and Other Lies I Tell Myself: Dispatches from a Life Under Construction,Â£25.98,Four
I Am Pilgrim (Pilgrim #1),Â£10.60,Four
"Hyperbole and a Half: Unfortunate Situations, Flawed Coping Mechanisms, Mayhem, and Other Things That Happened",Â£14.75,Five
Greek Mythic History,Â£10.23,Five
God: The Most Unpleasant Character in All Fiction,Â£30.03,Five
"Far & Away: Places on the Brink of Change: Seven Continents, Twenty-Five Years",Â£15.06,Four
El Deafo,Â£57.62,Five
Eight Hundred Grapes,Â£14.39,Four
"Eaternity: More than 150 Deliciously Easy Vegan Recipes for a Long, Healthy, Satisfied, Joyful Life",Â£51.75,Five
Demigods & Magicians: Percy and Annabeth Meet the Kanes (Percy Jackson & Kane Chronicles Crossover #1-3),Â£37.51,Five
Dear Mr. Knightley,Â£11.21,Five
Code Name Verity (Code Name Verity #1),Â£22.13,Four
City of Glass (The Mortal Instruments #3),Â£56.02,Four
City of Fallen Angels (The Mortal Instruments #4),Â£11.23,Four
Cell,Â£20.29,Four
Buying In: The Secret Dialogue Between What We Buy and Who We Are,Â£37.80,Four
Brain on Fire: My Month of Madness,Â£49.32,Five
Barefoot Contessa at Home: Everyday Recipes You'll Make Over and Over Again,Â£50.62,Five
Aristotle and Dante Discover the Secrets of the Universe (Aristotle and Dante Discover the Secrets of the Universe #1),Â£58.14,Four
All the Light We Cannot See,Â£29.87,Five
Abstract City,Â£56.37,Five
A Time of Torment (Charlie Parker #14),Â£48.35,Five
Rook,Â£37.86,Four
The Star-Touched Queen,Â£32.30,Five
The Silent Sister (Riley MacPherson #1),Â£46.29,Five
The Gray Rhino: How to Recognize and Act on the Obvious Dangers We Ignore,Â£59.15,Four
The Epidemic (The Program 0.6),Â£14.44,Five
Raspberry Pi Electronics Projects for the Evil Genius,Â£49.67,Four
Psycho: Sanitarium (Psycho #1.5),Â£36.97,Five
One with You (Crossfire #5),Â£15.71,Four
No Love Allowed (Dodge Cove #1),Â£54.65,Four
Murder at the 42nd Street Library (Raymond Ambler #1),Â£54.36,Four
How to Speak Golf: An Illustrated Guide to Links Lingo,Â£58.32,Five
Furiously Happy: A Funny Book About Horrible Things,Â£41.46,Four
Everyday Italian: 125 Simple and Delicious Recipes,Â£20.10,Five
Eleanor & Park,Â£56.51,Five
Dirty (Dive Bar #1),Â£40.83,Four
A Paris Apartment,Â£39.01,Four
"The Sleep Revolution: Transforming Your Life, One Night at a Time",Â£11.68,Four
"Mother, Can You Not?",Â£16.89,Five
Keep Me Posted,Â£20.46,Four
Grey (Fifty Shades #4),Â£48.49,Four
"Exit, Pursued by a Bear",Â£51.34,Four
Born for This: How to Find the Work You Were Meant to Do,Â£21.59,Five
Arena,Â£21.36,Four
Adultery,Â£20.88,Five
A Gentleman's Position (Society of Gentlemen #3),Â£14.75,Five
10-Day Green Smoothie Cleanse: Lose Up to 15 Pounds in 10 Days!,Â£49.71,Five
Without Shame,Â£48.27,Five
Watchmen,Â£58.05,Four
Unlimited Intuition Now,Â£58.87,Four
The New Brand You: Your New Image Makes the Sale for You,Â£44.05,Five
"The Moosewood Cookbook: Recipes from Moosewood Restaurant, Ithaca, New York",Â£12.34,Four
The Art and Science of Low Carbohydrate Living,Â£52.98,Five
Suzie Snowflake: One beautiful flake (a self-esteem story),Â£54.81,Five
"NaNo What Now? Finding your editing process, revising your NaNoWriMo book and building a writing career through publishing and beyond",Â£10.41,Four
"Fruits Basket, Vol. 9 (Fruits Basket #9)",Â£33.95,Four
Art and Fear: Observations on the Perils (and Rewards) of Artmaking,Â£48.63,Four
The Unlikely Pilgrimage of Harold Fry (Harold Fry #1),Â£43.62,Five
"The Midnight Assassin: Panic, Scandal, and the Hunt for America's First Serial Killer",Â£28.45,Four
Smarter Faster Better: The Secrets of Being Productive in Life and Business,Â£38.89,Five
Shadows of the Past (Logan Point #1),Â£39.67,Five
Roller Girl,Â£14.10,Five
Please Kill Me: The Uncensored Oral History of Punk,Â£31.19,Four
Out of Print: City Lights Spotlight No. 14,Â£53.64,Five
My Life Next Door (My Life Next Door ),Â£36.39,Five
Les Fleurs du Mal,Â£29.04,Five
Kill 'Em and Leave: Searching for James Brown and the American Soul,Â£45.05,Five
John Vassos: Industrial Design for Modern Life,Â£20.22,Four
Hystopia: A Novel,Â£21.96,Four
History of Beauty,Â£10.29,Four
Future Shock (Future Shock #1),Â£55.65,Five
Death by Leisure: A Cautionary Tale,Â£37.51,Four
Between the World and Me,Â£56.91,Four
Being Mortal: Medicine and What Matters in the End,Â£55.06,Four
"""Most Blessed of the Patriarchs"": Thomas Jefferson and the Empire of the Imagination",Â£44.48,Five
What Happened on Beale Street (Secrets of the South Mysteries #2),Â£25.37,Five
The Whale,Â£35.96,Four
The Story of Art,Â£41.14,Four
The Origin of Species,Â£10.01,Four
The Great Gatsby,Â£36.05,Four
The Bourne Identity (Jason Bourne #1),Â£42.78,Four
The Bachelor Girl's Guide to Murder (Herringford and Watts Mysteries #1),Â£52.30,Five
The 7 Habits of Highly Effective People: Powerful Lessons in Personal Change,Â£33.17,Four
Team of Rivals: The Political Genius of Abraham Lincoln,Â£20.12,Five
Sister Dear,Â£40.20,Four
Nightstruck: A Novel,Â£50.35,Four
"Naturally Lean: 125 Nourishing Gluten-Free, Plant-Based Recipes--All Under 300 Calories",Â£11.38,Five
Life of Pi,Â£13.22,Four
Leave This Song Behind: Teen Poetry at Its Best,Â£51.17,Five
King's Folly (The Kinsman Chronicles #1),Â£39.61,Five
John Adams,Â£57.43,Four
How to Cook Everything Vegetarian: Simple Meatless Recipes for Great Food (How to Cook Everything),Â£46.01,Four
Good in Bed (Cannie Shapiro #1),Â£37.05,Five
Every Heart a Doorway (Every Heart A Doorway #1),Â£12.16,Five
Delivering the Truth (Quaker Midwife Mystery #1),Â£20.89,Four
Counted With the Stars (Out from Egypt #1),Â£17.97,Five
"At The Existentialist CafÃ©: Freedom, Being, and apricot cocktails with: Jean-Paul Sartre, Simone de Beauvoir, Albert Camus, Martin Heidegger, Edmund Husserl, Karl Jaspers, Maurice Merleau-Ponty and others",Â£29.93,Five
A Short History of Nearly Everything,Â£52.40,Five
A Gathering of Shadows (Shades of Magic #2),Â£44.81,Four
The Sound Of Love,Â£57.84,Five
The Mysterious Affair at Styles (Hercule Poirot #1),Â£24.80,Four
The Man Who Mistook His Wife for a Hat and Other Clinical Tales,Â£59.45,Four
The Joy of Cooking,Â£43.27,Four
The Hobbit (Middle-Earth Universe),Â£17.80,Five
The Collected Poems of W.B. Yeats (The Collected Works of W.B. Yeats #1),Â£15.42,Five
The Barefoot Contessa Cookbook,Â£59.92,Five
Pride and Prejudice,Â£19.27,Four
In Cold Blood,Â£49.98,Four
How to Stop Worrying and Start Living,Â£46.49,Five
Fun Home: A Family Tragicomic,Â£56.59,Four
"Fruits Basket, Vol. 6 (Fruits Basket #6)",Â£20.96,Four
Deception Point,Â£40.32,Four
Catherine the Great: Portrait of a Woman,Â£58.55,Four
A Year in Provence (Provence #1),Â£56.88,Four
World Without End (The Pillars of the Earth #2),Â£32.97,Four
"Will Grayson, Will Grayson (Will Grayson, Will Grayson)",Â£47.31,Four
Where She Went (If I Stay #2),Â£41.73,Four
What If?: Serious Scientific Answers to Absurd Hypothetical Questions,Â£53.68,Four
The Secret Garden,Â£15.08,Four
The Raven Boys (The Raven Cycle #1),Â£57.74,Four
The Power Greens Cookbook: 140 Delicious Superfood Recipes,Â£11.05,Five
The Mathews Men: Seven Brothers and the War Against Hitler's U-boats,Â£42.91,Five
The Hiding Place,Â£55.91,Four
The False Prince (The Ascendance Trilogy #1),Â£56.00,Five
The Darkest Corners,Â£11.33,Five
The Crossover,Â£38.77,Four
Talking to Girls About Duran Duran: One Young Man's Quest for True Love and a Cooler Haircut,Â£25.15,Four
Siddhartha,Â£34.22,Five
Shiver (The Wolves of Mercy Falls #1),Â£16.23,Five
My Mother Was Nuts,Â£31.63,Four
Mexican Today: New and Rediscovered Recipes for Contemporary Kitchens,Â£24.91,Five
Lola and the Boy Next Door (Anna and the French Kiss #2),Â£23.63,Four
Killing Floor (Jack Reacher #1),Â£31.49,Four
Kill the Boy Band,Â£15.52,Five
Isla and the Happily Ever After (Anna and the French Kiss #3),Â£48.13,Five
If I Stay (If I Stay #1),Â£38.13,Five
Dracula the Un-Dead,Â£35.63,Five
Digital Fortress,Â£58.00,Five
Booked,Â£17.49,Five
"Blue Lily, Lily Blue (The Raven Cycle #3)",Â£34.13,Five
Approval Junkie: Adventures in Caring Too Much,Â£58.81,Five
An Abundance of Katherines,Â£10.00,Five
Alight (The Generations Trilogy #2),Â£58.59,Four
A Feast for Crows (A Song of Ice and Fire #4),Â£17.21,Four
Vogue Colors A to Z: A Fashion Coloring Book,Â£52.35,Four
The Passion of Dolssa,Â£28.32,Five
The Hunger Games (The Hunger Games #1),Â£29.85,Five
The Gunning of America: Business and the Making of American Gun Culture,Â£16.81,Four
The Beast (Black Dagger Brotherhood #14),Â£46.08,Five
Some Women,Â£13.73,Five
Shopaholic Ties the Knot (Shopaholic #3),Â£48.39,Five
Paper and Fire (The Great Library #2),Â£49.45,Five
Outlander (Outlander #1),Â£19.67,Five
No One Here Gets Out Alive,Â£20.02,Five
Night Shift (Night Shift #1-20),Â£12.75,Four
Needful Things,Â£47.51,Four
Mockingjay (The Hunger Games #3),Â£20.44,Four
Little Women (Little Women #1),Â£28.07,Four
Harry Potter and the Prisoner of Azkaban (Harry Potter #3),Â£24.17,Four
Harry Potter and the Order of the Phoenix (Harry Potter #5),Â£31.63,Four
Harry Potter and the Half-Blood Prince (Harry Potter #6),Â£48.75,Five
"Fruits Basket, Vol. 4 (Fruits Basket #4)",Â£50.44,Four
Atlas Shrugged,Â£26.58,Five
A New Earth: Awakening to Your Life's Purpose,Â£55.65,Five
'Salem's Lot,Â£49.56,Four
When You Are Engulfed in Flames,Â£30.89,Five
Voyager (Outlander #3),Â£21.07,Five
The Undomestic Goddess,Â£45.75,Four
The Silkworm (Cormoran Strike #2),Â£23.05,Five
"The Sandman, Vol. 3: Dream Country (The Sandman (volumes) #3)",Â£55.55,Five
The Rose & the Dagger (The Wrath and the Dawn #2),Â£58.64,Four
The Red Tent,Â£35.66,Five
The Nightingale,Â£26.26,Four
The Nanny Diaries (Nanny #1),Â£52.53,Five
The Lonely Ones,Â£43.59,Five
"The Land of 10,000 Madonnas",Â£29.64,Four
The Husband's Secret,Â£52.51,Five
"The End of Faith: Religion, Terror, and the Future of Reason",Â£22.13,Four
"The Elegant Universe: Superstrings, Hidden Dimensions, and the Quest for the Ultimate Theory",Â£13.03,Four
"The Disappearing Spoon: And Other True Tales of Madness, Love, and the History of the World from the Periodic Table of the Elements",Â£57.35,Five
The Demon-Haunted World: Science as a Candle in the Dark,Â£52.25,Four
The Day the Crayons Came Home (Crayons),Â£26.33,Five
The Complete Stories and Poems (The Works of Edgar Allan Poe [Cameo Edition]),Â£26.78,Four
The Complete Poems,Â£41.32,Five
The Book of Basketball: The NBA According to The Sports Guy,Â£44.84,Five
The Blind Side: Evolution of a Game,Â£53.71,Five
Something Borrowed (Darcy & Rachel #1),Â£48.96,Five
Seven Brief Lessons on Physics,Â£30.60,Four
Scarlet (The Lunar Chronicles #2),Â£14.57,Four
"Saga, Volume 3 (Saga (Collected Editions) #3)",Â£21.57,Five
Running with Scissors,Â£12.91,Four
"Rise of the Rocket Girls: The Women Who Propelled Us, from Missiles to the Moon to Mars",Â£41.67,Four
Ready Player One,Â£19.07,Four
Life Without a Recipe,Â£59.04,Five
Legend (Legend #1),Â£43.69,Four
"Lamb: The Gospel According to Biff, Christ's Childhood Pal",Â£55.50,Five
Lady Renegades (Rebel Belle #3),Â£53.04,Five
Into the Wild,Â£56.70,Five
Inferno (Robert Langdon #4),Â£41.00,Five
If I Run (If I Run #1),Â£49.97,Four
Heir to the Sky,Â£44.07,Four
Green Eggs and Ham (Beginner Books B-16),Â£10.79,Four
Gratitude,Â£26.66,Five
Gone Girl,Â£37.60,Five
Golden (Heart of Dread #3),Â£42.21,Four
Fire Bound (Sea Haven/Sisters of the Heart #5),Â£21.28,Four
Fifty Shades Freed (Fifty Shades #3),Â£15.36,Five
Disrupted: My Misadventure in the Start-Up Bubble,Â£15.28,Five
Dead Wake: The Last Crossing of the Lusitania,Â£39.24,Five
Dark Places,Â£23.90,Five
Crazy Rich Asians (Crazy Rich Asians #1),Â£49.13,Five
Breaking Dawn (Twilight #4),Â£35.28,Five
Brave Enough,Â£51.32,Five
Blink: The Power of Thinking Without Thinking,Â£21.74,Five
Between Shades of Gray,Â£20.79,Five
Beautiful Creatures (Caster Chronicles #1),Â£21.55,Five
Ash,Â£22.06,Four
Annie on My Mind,Â£36.83,Five
A Walk in the Woods: Rediscovering America on the Appalachian Trail,Â£30.48,Four
A Visit from the Goon Squad,Â£14.08,Five
A Heartbreaking Work of Staggering Genius,Â£54.29,Five
New Moon (Twilight #2),Â£12.86,Four
Life,Â£31.58,Five
H is for Hawk,Â£57.42,Five
"Fruits Basket, Vol. 2 (Fruits Basket #2)",Â£11.64,Five
Diary of a Minecraft Zombie Book 1: A Scare of a Dare (An Unofficial Minecraft Book),Â£52.88,Four
"Y: The Last Man, Vol. 1: Unmanned (Y: The Last Man #1)",Â£18.51,Four
While You Were Mine,Â£41.32,Five
Ways of Seeing,Â£39.51,Five
Twenty Love Poems and a Song of Despair,Â£30.95,Four
Travels with Charley: In Search of America,Â£57.82,Five
The Zombie Room,Â£19.69,Five
The Tumor,Â£41.56,Five
The Story of Hong Gildong,Â£43.19,Four
The Silent Wife,Â£12.34,Five
The No. 1 Ladies' Detective Agency (No. 1 Ladies' Detective Agency #1),Â£57.70,Four
The Hook Up (Game On #1),Â£36.29,Five
The Haters,Â£27.89,Five
The Girl You Lost,Â£12.29,Five
The Edge of Reason (Bridget Jones #2),Â£19.18,Four
The Art of Not Breathing,Â£40.83,Four
Shadow Rites (Jane Yellowrock #10),Â£21.72,Four
"Rat Queens, Vol. 1: Sass & Sorcery (Rat Queens (Collected Editions) #1-5)",Â£46.96,Five
"Paper Girls, Vol. 1 (Paper Girls #1-5)",Â£21.71,Four
Off Sides (Off #1),Â£39.45,Five
Myriad (Prentor #1),Â£58.75,Four
"Ms. Marvel, Vol. 1: No Normal (Ms. Marvel (2014-2015) #1)",Â£39.39,Four
Lost Among the Living,Â£27.70,Four
Kitchens of the Great Midwest,Â£57.20,Five
Jane Eyre,Â£38.43,Five
Imperfect Harmony,Â£34.74,Four
Icing (Aces Hockey #2),Â£40.44,Four
Having the Barbarian's Baby (Ice Planet Barbarians #7.5),Â£34.96,Four
"Giant Days, Vol. 1 (Giant Days #1-4)",Â£56.76,Four
"Fruits Basket, Vol. 1 (Fruits Basket #1)",Â£40.28,Five
Deep Under (Walker Security #1),Â£47.09,Five
Choosing Our Religion: The Spiritual Lives of America's Nones,Â£28.42,Four
Bright Lines,Â£39.07,Five
Bounty (Colorado Mountain #7),Â£37.26,Four
"Bleach, Vol. 1: Strawberry and the Soul Reapers (Bleach #1)",Â£34.65,Five
"Ajin: Demi-Human, Volume 1 (Ajin: Demi-Human #1)",Â£57.06,Four
A Spy's Devotion (The Regency Spies of London #1),Â£16.97,Five
"1,000 Places to See Before You Die",Â£26.08,Five
